17:29:00,647.58,7.35,False
17:29:01,637.12,7.35,False
17:29:03,633.96,7.35,False
17:29:05,625.84,7.35,False
17:29:06,650.25,7.35,False
17:29:08,814.23,7.35,False
17:29:10,657.55,7.35,False
17:29:12,647.42,7.35,False
17:29:13,660.22,7.35,False
17:29:15,647.9,7.35,False
17:29:16,633.05,7.35,False
17:29:18,659.52,7.35,False
17:29:20,640.04,7.35,False
17:29:21,638.51,73.5,False
17:29:23,644.09,76.99,False
17:29:25,634.21,83.91,False
17:29:26,663.44,87.32,False
17:29:28,643.45,94.0,False
17:29:30,643.84,97.26,False
17:29:31,639.33,103.56,False
17:29:33,645.74,109.52,False
17:29:35,630.65,112.36,False
17:29:36,638.8,117.71,False
17:29:38,649.71,120.21,True
17:29:40,628.51,124.83,True
17:29:41,647.96,126.94,True
17:29:43,618.97,130.72,True
17:29:44,626.51,132.38,True
17:29:46,630.15,135.24,True
17:29:48,652.18,136.43,True
17:29:49,633.6,138.3,True
17:29:51,639.58,138.98,True
17:29:53,633.52,139.82,True
17:29:54,690.39,139.98,True
17:29:56,641.69,139.78,True
17:29:58,641.06,138.88,True
17:29:59,641.68,138.17,True
17:30:01,633.46,136.24,True
17:30:03,631.01,135.03,True
17:30:04,606.38,132.12,True
17:30:06,651.19,130.42,True
17:30:07,639.28,126.59,True
17:30:09,676.13,124.47,True
17:30:11,628.69,119.8,False
17:30:12,639.65,117.28,False
17:30:14,642.31,111.89,False
17:30:16,652.32,109.04,False
17:30:17,630.73,106.09,False
17:30:19,643.12,106.09,False
17:30:21,632.39,106.09,False
17:30:22,653.04,106.09,False
17:30:24,645.51,106.09,False
17:30:26,648.2,106.09,False
17:30:27,615.59,106.09,False
17:30:29,647.0,106.09,False
17:30:31,743.74,106.09,False
17:30:32,630.62,106.09,False
17:30:34,641.55,106.09,False
17:30:36,648.73,106.09,False
17:30:37,642.82,106.09,False
17:30:39,636.93,106.09,False
17:30:40,638.56,106.09,False
17:30:42,773.84,106.09,False
17:30:44,651.43,106.09,False
17:30:46,648.14,106.09,False
17:30:47,643.66,106.09,False
17:30:49,650.53,106.09,False
17:30:51,713.24,106.09,False
17:30:52,643.77,106.09,False
17:30:54,630.48,106.09,False
17:30:55,612.96,106.09,False
17:30:57,648.83,73.5,False
17:30:59,686.75,83.91,False
17:31:01,803.01,94.0,False
17:31:02,660.1,103.56,False
17:31:04,647.17,112.36,False
17:31:06,659.39,120.21,True
17:31:07,659.62,126.94,True
17:31:09,643.54,132.38,True
17:31:11,638.86,136.43,True
17:31:12,610.99,138.98,True
17:31:14,628.53,139.82,True
17:31:15,647.67,139.78,True
17:31:17,665.78,138.17,True
17:31:19,645.51,135.03,True
17:31:20,629.62,130.42,True
17:31:22,642.97,124.47,True
17:31:24,646.44,117.28,False
17:31:25,652.1,109.04,False
17:31:27,643.54,99.92,False
17:31:29,623.83,90.12,False
17:31:30,644.15,83.33,False
17:31:32,738.9,72.91,False
17:31:34,641.7,62.43,False
17:31:35,636.85,52.11,False
17:31:37,634.2,42.2,False
17:31:39,653.89,32.91,False
17:31:40,638.65,24.46,False
17:31:42,644.04,17.02,False
17:31:44,643.48,10.78,False
17:31:45,625.82,5.87,False
17:31:47,623.41,2.4,False
17:31:48,647.44,0.44,False
17:31:50,629.02,0.01,False
17:31:52,616.81,0.66,False
17:31:53,637.25,1.97,False
17:31:55,675.89,1.97,False
17:31:57,643.29,1.97,False
17:31:58,641.81,1.97,False
17:32:00,620.04,1.97,False
17:32:02,624.7,1.97,False
17:32:03,649.66,1.97,False
17:32:05,634.49,1.97,False
17:32:07,656.53,94.0,False
17:32:08,639.87,120.21,True
17:32:10,630.38,137.45,True
17:32:11,644.63,138.17,True
17:32:13,626.12,122.2,True
17:32:15,639.56,96.72,False
17:32:16,637.73,62.43,False
17:32:18,643.42,32.91,False
17:32:20,601.56,10.78,False
17:32:21,639.11,0.14,False
17:32:23,629.15,5.19,False
17:32:25,634.78,25.81,False
17:32:26,635.37,57.25,False
17:32:28,670.56,88.46,False
17:32:29,625.26,118.57,False
17:32:31,653.61,136.79,True
17:32:33,643.25,139.26,True
17:32:34,621.36,125.89,True
17:32:36,656.52,102.0,False
17:32:38,643.9,68.23,False
17:32:39,658.69,37.97,False
17:32:41,635.89,12.05,False
17:32:43,650.05,0.32,False
17:32:44,632.2,0.07,False
17:32:46,615.42,0.07,False
17:32:48,635.22,0.07,False
17:32:49,709.52,0.07,False
17:32:51,815.08,0.07,False
17:32:53,671.81,0.07,False
17:32:54,644.66,0.07,False
17:32:56,644.5,0.07,False
17:32:58,647.53,0.07,False
17:32:59,652.8,0.07,False
17:33:01,648.15,0.07,False
17:33:03,635.45,0.07,False
17:33:04,660.32,0.07,False
17:33:06,649.09,0.07,False
17:33:08,657.67,0.07,False
17:33:09,643.49,0.07,False
17:33:11,634.03,0.07,False
17:33:13,637.39,0.07,False
17:33:14,641.12,0.07,False
17:33:16,646.3,0.07,False
17:33:18,642.63,0.07,False
17:33:19,655.98,0.07,False
17:33:21,638.04,0.07,False
17:33:23,671.54,0.07,False
17:33:24,629.27,0.07,False
17:33:26,635.8,0.07,False
17:33:27,635.71,0.07,False
17:33:29,623.05,0.07,False
17:33:31,645.7,0.07,False
17:33:32,633.4,0.07,False
17:33:34,629.48,0.07,False
17:33:36,638.24,0.07,False
17:33:37,646.97,0.07,False
17:33:39,632.99,0.07,False
17:33:41,652.35,0.07,False
17:33:42,633.53,0.07,False
17:33:44,642.87,0.07,False
17:33:46,644.11,0.07,False
17:33:47,648.58,0.07,False
17:33:49,644.93,0.07,False
17:33:50,644.96,0.07,False
17:33:52,636.82,0.07,False
17:33:54,618.83,0.07,False
17:33:55,635.3,0.07,False
17:33:57,646.3,0.07,False
17:33:59,646.8,0.07,False
17:34:00,646.18,0.07,False
17:34:02,657.9,0.07,False
17:34:04,644.9,0.07,False
17:34:05,640.26,0.07,False
17:34:07,629.92,0.07,False
17:34:09,648.97,0.07,False
17:34:10,624.86,0.07,False
17:34:12,642.74,0.07,False
17:34:13,636.54,0.07,False
17:34:15,642.66,0.07,False
17:34:17,654.63,0.07,False
17:34:18,651.24,0.07,False
17:34:20,642.07,0.07,False
17:34:22,667.81,0.07,False
17:34:23,645.52,0.07,False
17:34:25,644.59,0.07,False
17:34:27,622.96,0.07,False
17:34:28,614.27,0.07,False
17:34:30,652.46,0.07,False
17:34:32,646.4,0.07,False
17:34:33,619.93,0.07,False
17:34:35,679.95,0.07,False
17:34:37,618.06,0.07,False
17:34:38,658.35,0.07,False
17:34:40,619.11,0.07,False
17:34:42,662.95,0.07,False
17:34:43,725.74,0.07,False
17:34:45,629.72,0.07,False
17:34:46,612.95,0.07,False
17:34:48,638.69,0.07,False
17:34:50,647.16,0.07,False
17:34:51,646.66,0.07,False
17:34:53,636.26,0.07,False
17:34:55,624.88,0.07,False
17:34:56,650.94,0.07,False
17:34:58,636.3,0.07,False
17:35:00,615.21,0.07,False
17:35:01,650.26,0.07,False
17:35:03,647.48,0.07,False
17:35:05,626.07,0.07,False
17:35:06,641.37,0.07,False
17:35:08,663.61,0.07,False
17:35:10,918.98,0.07,False
17:35:11,628.61,0.07,False
17:35:13,874.54,0.07,False
17:35:15,720.34,0.07,False
17:35:17,614.22,0.07,False
17:35:18,654.62,0.07,False
17:35:20,627.14,0.07,False
17:35:22,629.89,0.07,False
17:35:23,634.02,0.07,False
17:35:25,622.85,0.07,False
17:35:26,651.74,0.07,False
17:35:28,638.63,0.07,False
17:35:30,626.56,0.07,False
17:35:31,639.05,0.07,False
17:35:33,632.42,0.07,False
17:35:35,607.7,0.07,False
17:35:36,642.64,0.07,False
17:35:38,635.73,0.07,False
17:35:40,635.94,0.07,False
17:35:41,637.73,0.07,False
17:35:43,639.36,0.07,False
17:35:45,633.32,0.07,False
17:35:46,639.64,0.07,False
17:35:48,631.92,0.07,False
17:35:49,643.09,0.07,False
17:35:51,622.07,0.07,False
17:35:53,632.84,0.07,False
17:35:54,623.07,0.07,False
17:35:56,638.4,0.07,False
17:35:58,657.84,0.07,False
17:35:59,635.07,0.07,False
17:36:01,634.49,0.07,False
17:36:03,638.9,0.07,False
17:36:04,630.22,0.07,False
17:36:06,643.09,0.07,False
17:36:07,625.88,0.07,False
17:36:09,626.12,0.07,False
17:36:11,598.04,0.07,False
17:36:12,633.42,0.07,False
17:36:14,634.65,0.07,False
17:36:16,633.33,0.07,False
17:36:17,631.11,0.07,False
17:36:19,631.18,0.07,False
17:36:20,610.67,0.07,False
17:36:22,636.58,0.07,False
17:36:24,631.67,0.07,False
17:36:25,630.18,0.07,False
17:36:27,616.64,0.07,False
17:36:29,620.64,0.07,False
17:36:30,630.74,0.07,False
17:36:32,623.98,0.07,False
17:36:34,631.65,0.07,False
17:36:35,643.44,0.07,False
17:36:37,634.5,0.07,False
17:36:38,637.0,0.07,False
17:36:40,595.48,0.07,False
17:36:42,596.14,0.07,False
17:36:43,631.66,0.07,False
17:36:45,637.15,0.07,False
17:36:47,619.81,0.07,False
17:36:48,628.33,0.07,False
17:36:50,638.84,0.07,False
17:36:51,634.45,0.07,False
17:36:53,633.69,0.07,False
17:36:55,631.26,0.07,False
17:36:56,628.22,0.07,False
17:36:58,631.91,0.07,False
17:37:00,607.62,0.07,False
17:37:01,629.24,0.07,False
17:37:03,631.06,0.07,False
17:37:05,638.22,0.07,False
17:37:06,637.99,0.07,False
17:37:08,641.13,0.07,False
17:37:09,633.13,0.07,False
17:37:11,628.86,0.07,False
17:37:13,642.36,0.07,False
17:37:14,646.76,0.07,False
17:37:16,632.71,0.07,False
17:37:18,633.64,0.07,False
17:37:19,642.73,0.07,False
17:37:21,634.46,0.07,False
17:37:23,636.75,0.07,False
17:37:24,639.96,0.07,False
17:37:26,637.76,0.07,False
17:37:28,641.86,0.07,False
17:37:29,630.92,0.07,False
17:37:31,639.12,0.07,False
17:37:32,636.55,0.07,False
17:37:34,638.16,0.07,False
17:37:36,628.33,0.07,False
17:37:37,626.62,0.07,False
17:37:39,619.7,0.07,False
17:37:41,639.31,0.07,False
17:37:42,626.22,0.07,False
17:37:44,626.59,0.07,False
17:37:46,635.16,0.07,False
17:37:47,636.06,0.07,False
17:37:49,637.52,0.07,False
17:37:50,631.5,0.07,False
17:37:52,628.8,0.07,False
17:37:54,635.94,0.07,False
17:37:55,623.43,0.07,False
17:37:57,631.28,0.07,False
17:37:59,598.75,0.07,False
17:38:00,632.69,0.07,False
17:38:02,623.86,0.07,False
17:38:04,634.02,0.07,False
17:38:05,631.61,0.07,False
17:38:07,637.69,0.07,False
17:38:08,633.14,0.07,False
17:38:10,615.75,0.07,False
17:38:12,627.85,0.07,False
17:38:13,634.92,0.07,False
17:38:15,638.51,0.07,False
17:38:17,622.53,0.07,False
17:38:18,631.22,0.07,False
17:38:20,642.94,0.07,False
17:38:22,626.6,0.07,False
17:38:23,624.32,0.07,False
17:38:25,610.46,0.07,False
17:38:26,617.69,0.07,False
17:38:28,628.48,0.07,False
17:38:30,625.4,0.07,False
17:38:31,628.96,0.07,False
17:38:33,633.26,0.07,False
17:38:35,634.42,0.07,False
17:38:36,640.15,0.07,False
17:38:38,632.24,0.07,False
17:38:39,637.23,0.07,False
17:38:41,623.88,0.07,False
17:38:43,630.18,0.07,False
17:38:44,637.35,0.07,False
17:38:46,635.89,0.07,False
17:38:48,650.24,0.07,False
17:38:49,630.9,0.07,False
17:38:51,637.16,0.07,False
17:38:53,636.52,0.07,False
17:38:54,605.29,0.07,False
17:38:56,647.69,0.07,False
17:38:57,653.98,0.07,False
17:38:59,633.6,0.07,False
17:39:01,630.91,0.07,False
17:39:02,637.95,0.07,False
17:39:04,637.24,0.07,False
17:39:06,630.34,0.07,False
17:39:07,635.41,0.07,False
17:39:09,629.77,0.07,False
17:39:11,628.12,0.07,False
17:39:12,642.16,0.07,False
17:39:14,627.24,0.07,False
17:39:16,638.69,0.07,False
17:39:17,627.06,0.07,False
17:39:19,637.81,0.07,False
17:39:20,630.5,0.07,False
17:39:22,625.12,0.07,False
17:39:24,624.87,0.07,False
17:39:25,641.67,0.07,False
17:39:27,632.24,0.07,False
17:39:29,591.47,0.07,False
17:39:30,589.79,0.07,False
17:39:32,634.27,0.07,False
17:39:33,635.16,0.07,False
17:39:35,635.61,0.07,False
17:39:37,632.23,0.07,False
17:39:38,636.22,0.07,False
17:39:40,640.61,0.07,False
17:39:42,640.96,0.07,False
17:39:43,606.65,0.07,False
17:39:45,633.18,0.07,False
17:39:46,610.34,0.07,False
17:39:48,626.58,0.07,False
17:39:50,624.58,0.07,False
17:39:51,631.75,0.07,False
17:39:53,639.82,0.07,False
17:39:55,636.14,0.07,False
17:39:56,624.14,0.07,False
17:39:58,628.14,0.07,False
17:40:00,636.47,0.07,False
17:40:01,641.72,0.07,False
17:40:03,632.51,0.07,False
17:40:04,637.36,0.07,False
17:40:06,627.6,0.07,False
17:40:08,637.69,0.07,False
17:40:09,640.43,0.07,False
17:40:11,631.18,0.07,False
17:40:13,649.97,0.07,False
17:40:14,667.41,0.07,False
17:40:16,653.78,0.07,False
17:40:18,668.84,0.07,False
17:40:19,656.63,0.07,False
17:40:21,632.7,0.07,False
17:40:23,636.83,0.07,False
17:40:24,640.39,0.07,False
17:40:26,634.55,0.07,False
17:40:28,644.96,0.07,False
17:40:29,653.99,0.07,False
17:40:31,639.41,0.07,False
17:40:33,639.95,0.07,False
17:40:34,628.71,0.07,False
17:40:36,631.29,0.07,False
17:40:37,650.21,0.07,False
17:40:39,636.07,0.07,False
17:40:41,635.29,0.07,False
17:40:42,642.54,0.07,False
17:40:44,624.25,0.07,False
17:40:46,632.72,0.07,False
17:40:47,636.27,0.07,False
17:40:49,639.92,0.07,False
17:40:51,651.43,0.07,False
17:40:52,626.5,0.07,False
17:40:54,650.4,0.07,False
17:40:56,646.74,0.07,False
17:40:57,638.22,0.07,False
17:40:59,673.54,0.07,False
17:41:01,642.41,0.07,False
17:41:02,646.23,0.07,False
17:41:04,622.67,0.07,False
17:41:05,640.93,0.07,False
17:41:07,649.88,0.07,False
17:41:09,640.94,0.07,False
17:41:10,655.67,0.07,False
17:41:12,653.18,0.07,False
17:41:14,649.97,0.07,False
17:41:15,637.93,0.07,False
17:41:17,631.26,0.07,False
17:41:19,652.46,0.07,False
17:41:20,646.17,0.07,False
17:41:22,659.2,0.07,False
17:41:24,655.09,0.07,False
17:41:25,633.0,0.07,False
17:41:27,630.44,0.07,False
17:41:29,628.81,0.07,False
17:41:30,651.71,0.07,False
17:41:32,644.4,0.07,False
17:41:34,649.52,0.07,False
17:41:35,659.94,0.07,False
17:41:37,691.74,0.07,False
17:41:39,641.63,0.07,False
17:41:40,612.04,0.07,False
17:41:42,620.75,0.07,False
17:41:43,619.49,0.07,False
17:41:45,635.95,0.07,False
17:41:47,641.22,0.07,False
17:41:48,629.87,0.07,False
17:41:50,651.29,0.07,False
17:41:52,642.47,0.07,False
17:41:53,641.48,0.07,False
17:41:55,625.92,0.07,False
17:41:57,652.5,0.07,False
17:41:58,645.84,0.07,False
17:42:00,642.51,0.07,False
17:42:02,632.69,0.07,False
17:42:03,649.27,0.07,False
17:42:05,640.25,0.07,False
17:42:06,645.17,0.07,False
17:42:08,637.87,0.07,False
17:42:10,652.48,0.07,False
17:42:11,641.36,0.07,False
17:42:13,655.14,0.07,False
17:42:15,642.99,0.07,False
17:42:16,654.94,0.07,False
17:42:18,635.51,0.07,False
17:42:20,643.15,0.07,False
17:42:21,641.38,0.07,False
17:42:23,648.44,0.07,False
17:42:25,646.22,0.07,False
17:42:26,634.6,0.07,False
17:42:28,640.74,0.07,False
17:42:30,633.19,0.07,False
17:42:31,622.81,0.07,False
17:42:33,640.06,0.07,False
17:42:35,660.16,0.07,False
17:42:36,658.82,0.07,False
17:42:38,639.73,0.07,False
17:42:39,646.94,0.07,False
17:42:41,636.43,0.07,False
17:42:43,636.47,0.07,False
17:42:44,640.6,0.07,False
17:42:46,649.19,0.07,False
17:42:48,656.53,0.07,False
17:42:49,648.99,0.07,False
17:42:51,634.46,0.07,False
17:42:53,647.88,0.07,False
17:42:54,637.2,0.07,False
17:42:56,644.49,0.07,False
17:42:58,644.4,0.07,False
17:42:59,616.12,0.07,False
17:43:01,650.88,0.07,False
17:43:03,642.73,0.07,False
17:43:04,642.29,0.07,False
17:43:06,666.29,0.07,False
17:43:08,657.68,0.07,False
17:43:09,652.58,0.07,False
17:43:11,644.76,0.07,False
17:43:12,648.58,0.07,False
17:43:14,606.41,0.07,False
17:43:16,656.56,0.07,False
17:43:17,648.22,0.07,False
17:43:19,903.4,0.07,False
17:43:21,630.06,0.07,False
17:43:23,654.72,0.07,False
17:43:25,1155.11,0.07,False
17:43:27,969.13,0.07,False
17:43:29,775.07,0.07,False
17:43:30,672.57,0.07,False
17:43:32,629.19,0.07,False
17:43:34,643.56,0.07,False
17:43:35,608.49,0.07,False
17:43:37,741.87,0.07,False
17:43:39,739.01,0.07,False
17:43:40,698.32,0.07,False
17:43:42,702.05,0.07,False
17:43:44,644.95,0.07,False
17:43:45,659.96,0.07,False
17:43:47,624.24,0.07,False
17:43:49,612.15,0.07,False
17:43:50,627.42,0.07,False
17:43:52,641.24,0.07,False
17:43:54,643.53,0.07,False
17:43:55,594.66,0.07,False
17:43:57,642.07,0.07,False
17:43:58,714.2,0.07,False
17:44:00,614.54,0.07,False
17:44:02,630.87,0.07,False
17:44:03,641.19,0.07,False
17:44:05,637.01,0.07,False
17:44:07,727.15,0.07,False
17:44:08,654.34,0.07,False
17:44:10,628.64,0.07,False
17:44:12,631.19,0.07,False
17:44:13,629.3,0.07,False
17:44:15,639.99,0.07,False
17:44:17,641.06,0.07,False
17:44:18,642.39,0.07,False
17:44:20,634.58,0.07,False
17:44:22,620.45,0.07,False
17:44:23,632.94,0.07,False
17:44:25,648.74,0.07,False
17:44:26,650.98,0.07,False
17:44:28,633.2,0.07,False
17:44:30,649.35,0.07,False
17:44:31,636.46,0.07,False
17:44:33,630.32,0.07,False
17:44:35,637.65,0.07,False
17:44:36,645.47,0.07,False
17:44:38,641.93,0.07,False
17:44:40,627.71,0.07,False
17:44:41,658.65,0.07,False
17:44:43,641.1,0.07,False
17:44:45,624.87,0.07,False
17:44:46,641.03,0.07,False
17:44:48,670.32,0.07,False
17:44:49,646.93,0.07,False
17:44:51,641.09,0.07,False
17:44:53,645.78,0.07,False
17:44:54,649.92,0.07,False
17:44:56,632.18,0.07,False
17:44:58,639.43,0.07,False
17:44:59,645.09,0.07,False
17:45:01,634.05,0.07,False
17:45:03,643.75,0.07,False
17:45:04,641.93,0.07,False
17:45:06,671.03,0.07,False
17:45:08,644.96,0.07,False
17:45:09,648.75,0.07,False
17:45:11,630.45,0.07,False
17:45:13,641.33,0.07,False
17:45:14,647.15,0.07,False
17:45:16,636.81,0.07,False
17:45:17,641.09,0.07,False
17:45:19,650.57,0.07,False
17:45:21,646.1,0.07,False
17:45:22,629.88,0.07,False
17:45:24,639.53,0.07,False
17:45:26,633.49,0.07,False
17:45:27,621.87,0.07,False
17:45:29,663.66,0.07,False
17:45:31,626.1,0.07,False
17:45:32,633.22,0.07,False
17:45:34,635.36,0.07,False
17:45:36,644.85,0.07,False
17:45:37,639.75,0.07,False
17:45:39,642.13,0.07,False
17:45:41,649.07,0.07,False
17:45:42,651.54,0.07,False
17:45:44,647.62,0.07,False
17:45:45,637.56,0.07,False
17:45:47,643.91,0.07,False
17:45:49,643.7,0.07,False
17:45:50,619.31,0.07,False
17:45:52,642.83,0.07,False
17:45:54,633.07,0.07,False
17:45:55,628.49,0.07,False
17:45:57,629.51,0.07,False
17:45:59,638.44,0.07,False
17:46:00,639.12,0.07,False
17:46:02,607.9,0.07,False
17:46:03,640.41,0.07,False
17:46:05,616.22,0.07,False
17:46:07,639.49,0.07,False
17:46:08,644.15,0.07,False
17:46:10,636.54,0.07,False
17:46:12,654.47,0.07,False
17:46:13,635.95,0.07,False
17:46:15,641.25,0.07,False
17:46:17,647.73,0.07,False
17:46:18,631.57,0.07,False
17:46:20,633.71,0.07,False
17:46:22,632.49,0.07,False
17:46:23,631.78,0.07,False
17:46:25,642.59,0.07,False
17:46:26,643.61,0.07,False
17:46:28,649.97,0.07,False
17:46:30,611.27,0.07,False
17:46:31,638.26,0.07,False
17:46:33,639.33,0.07,False
17:46:35,638.29,0.07,False
17:46:36,634.9,0.07,False
17:46:38,629.8,0.07,False
17:46:40,631.99,0.07,False
17:46:41,633.81,0.07,False
17:46:43,653.8,0.07,False
17:46:45,644.27,0.07,False
17:46:46,632.64,0.07,False
17:46:48,641.42,0.07,False
17:46:49,634.19,0.07,False
17:46:51,665.57,0.07,False
17:46:53,629.27,0.07,False
17:46:54,642.51,0.07,False
17:46:56,638.83,0.07,False
17:46:58,650.68,0.07,False
17:46:59,652.44,0.07,False
17:47:01,641.95,0.07,False
17:47:03,614.24,0.07,False
17:47:04,642.74,0.07,False
17:47:06,628.96,0.07,False
17:47:08,643.49,0.07,False
17:47:09,646.3,0.07,False
17:47:11,641.64,0.07,False
17:47:12,631.16,0.07,False
17:47:14,644.78,0.07,False
17:47:16,631.03,0.07,False
17:47:17,640.39,0.07,False
17:47:19,647.86,0.07,False
17:47:21,640.86,0.07,False
17:47:22,627.39,0.07,False
17:47:24,641.98,0.07,False
17:47:26,643.32,0.07,False
17:47:27,644.13,0.07,False
17:47:29,639.67,0.07,False
17:47:31,642.29,0.07,False
17:47:32,631.03,0.07,False
17:47:34,641.06,0.07,False
17:47:35,653.48,0.07,False
17:47:37,624.55,0.07,False
17:47:39,641.26,0.07,False
17:47:40,635.33,0.07,False
17:47:42,657.77,0.07,False
17:47:44,606.54,0.07,False
17:47:45,623.74,0.07,False
17:47:47,659.07,0.07,False
17:47:49,646.56,0.07,False
17:47:50,626.05,0.07,False
17:47:52,613.29,0.07,False
17:47:53,649.14,0.07,False
17:47:55,648.81,0.07,False
17:47:57,641.79,0.07,False
17:47:58,632.78,0.07,False
17:48:00,616.56,0.07,False
17:48:02,597.28,0.07,False
17:48:03,606.32,0.07,False
17:48:05,642.53,0.07,False
17:48:07,629.44,0.07,False
17:48:08,647.25,0.07,False
17:48:10,637.75,0.07,False
17:48:11,648.39,0.07,False
17:48:13,637.99,0.07,False
17:48:15,644.6,0.07,False
17:48:16,645.38,0.07,False
17:48:18,624.95,0.07,False
17:48:20,646.73,0.07,False
17:48:21,618.71,0.07,False
17:48:23,644.87,0.07,False
17:48:25,638.5,0.07,False
17:48:26,652.22,0.07,False
17:48:28,645.46,0.07,False
17:48:30,636.94,0.07,False
17:48:31,637.26,0.07,False
17:48:33,658.31,0.07,False
17:48:35,701.36,0.07,False
17:48:36,637.21,0.07,False
17:48:38,639.37,0.07,False
17:48:39,640.02,0.07,False
17:48:41,639.64,0.07,False
17:48:43,644.3,0.07,False
17:48:44,621.14,0.07,False
17:48:46,641.69,0.07,False
17:48:48,633.37,0.07,False
17:48:49,646.31,0.07,False
17:48:51,640.72,0.07,False
17:48:53,658.66,0.07,False
17:48:54,634.49,0.07,False
17:48:56,620.99,0.07,False
17:48:58,645.84,0.07,False
17:48:59,642.63,0.07,False
17:49:01,625.14,0.07,False
17:49:02,645.16,0.07,False
17:49:04,624.7,0.07,False
17:49:06,641.7,0.07,False
17:49:07,678.48,0.07,False
17:49:09,641.61,0.07,False
17:49:11,635.97,0.07,False
17:49:12,628.83,0.07,False
17:49:14,666.65,0.07,False
17:49:16,633.85,0.07,False
17:49:17,635.35,0.07,False
17:49:19,635.81,0.07,False
17:49:21,635.68,0.07,False
17:49:22,633.24,0.07,False
17:49:24,632.81,0.07,False
17:49:26,639.83,0.07,False
17:49:27,594.44,0.07,False
17:49:29,613.3,0.07,False
17:49:30,591.99,0.07,False
17:49:32,625.98,0.07,False
17:49:34,640.22,0.07,False
17:49:35,624.56,0.07,False
17:49:37,614.63,0.07,False
17:49:38,639.79,0.07,False
17:49:40,643.67,0.07,False
17:49:42,614.12,0.07,False
17:49:43,634.22,0.07,False
17:49:45,650.72,0.07,False
17:49:47,623.08,0.07,False
17:49:48,656.47,0.07,False
17:49:50,643.44,0.07,False
17:49:52,630.92,0.07,False
17:49:53,639.4,0.07,False
17:49:55,637.73,0.07,False
17:49:57,628.51,0.07,False
17:49:58,640.11,0.07,False
17:50:00,644.61,0.07,False
17:50:01,652.05,0.07,False
17:50:03,625.27,0.07,False
17:50:05,635.33,0.07,False
17:50:06,635.59,0.07,False
17:50:08,654.03,0.07,False
17:50:10,636.74,0.07,False
17:50:11,633.47,0.07,False
17:50:13,632.95,0.07,False
17:50:15,646.93,0.07,False
17:50:16,641.07,0.07,False
17:50:18,638.91,0.07,False
17:50:20,643.97,0.07,False
17:50:21,638.32,0.07,False
17:50:23,632.38,0.07,False
17:50:24,636.09,0.07,False
17:50:26,632.84,0.07,False
17:50:28,636.44,0.07,False
17:50:29,645.27,0.07,False
17:50:31,671.78,0.07,False
17:50:33,638.34,0.07,False
17:50:34,635.37,0.07,False
17:50:36,637.58,0.07,False
17:50:38,630.74,0.07,False
17:50:39,628.51,0.07,False
17:50:41,644.77,0.07,False
17:50:43,659.49,0.07,False
17:50:44,623.29,0.07,False
17:50:46,645.64,0.07,False
17:50:48,660.95,0.07,False
17:50:49,638.06,0.07,False
17:50:51,611.99,0.07,False
17:50:52,631.74,0.07,False
17:50:54,643.92,0.07,False
17:50:56,629.82,0.07,False
17:50:57,630.03,0.07,False
17:50:59,640.16,0.07,False
17:51:01,657.74,0.07,False
17:51:02,638.34,0.07,False
17:51:04,650.79,0.07,False
17:51:06,643.28,0.07,False
17:51:07,651.0,0.07,False
17:51:09,641.91,0.07,False
17:51:11,634.87,0.07,False
17:51:12,638.37,0.07,False
17:51:14,632.57,0.07,False
17:51:15,622.23,0.07,False
17:51:17,640.36,0.07,False
17:51:19,640.6,0.07,False
17:51:20,626.29,0.07,False
17:51:22,630.07,0.07,False
17:51:24,625.28,0.07,False
17:51:25,621.44,0.07,False
17:51:27,644.25,0.07,False
17:51:29,652.85,0.07,False
17:51:30,641.86,0.07,False
17:51:32,637.95,0.07,False
17:51:33,641.34,0.07,False
17:51:35,639.08,0.07,False
17:51:37,626.92,0.07,False
17:51:38,652.77,0.07,False
17:51:40,623.98,0.07,False
17:51:42,634.57,0.07,False
17:51:43,643.62,0.07,False
17:51:45,641.32,0.07,False
17:51:47,641.45,0.07,False
17:51:48,628.49,0.07,False
17:51:50,613.85,0.07,False
17:51:51,630.03,0.07,False
17:51:53,677.0,0.07,False
17:51:55,705.02,0.07,False
17:51:57,612.58,0.07,False
17:51:58,633.6,0.07,False
17:52:00,661.91,0.07,False
17:52:01,625.18,0.07,False
17:52:03,637.93,0.07,False
17:52:05,648.75,0.07,False
17:52:06,655.17,0.07,False
17:52:08,642.8,0.07,False
17:52:10,636.68,0.07,False
17:52:11,639.06,0.07,False
17:52:13,641.05,0.07,False
17:52:15,637.37,0.07,False
17:52:16,639.61,0.07,False
17:52:18,633.88,0.07,False
17:52:20,639.89,0.07,False
17:52:21,639.25,0.07,False
17:52:23,635.55,0.07,False
17:52:24,618.9,0.07,False
17:52:26,636.56,0.07,False
17:52:28,622.58,0.07,False
17:52:30,1429.76,0.07,False
17:52:33,1773.95,0.07,False
17:52:35,738.7,0.07,False
17:52:36,638.59,0.07,False
17:52:38,652.72,0.07,False
17:52:40,644.46,0.07,False
17:52:41,644.19,0.07,False
17:52:43,673.92,0.07,False
17:52:45,618.47,0.07,False
17:52:46,639.61,0.07,False
17:52:48,631.81,0.07,False
17:52:49,633.54,0.07,False
17:52:51,607.12,0.07,False
17:52:53,631.07,0.07,False
17:52:54,609.04,0.07,False
17:52:56,632.32,0.07,False
17:52:58,630.81,0.07,False
17:52:59,645.24,0.07,False
17:53:01,619.19,0.07,False
17:53:03,621.15,0.07,False
17:53:04,638.38,0.07,False
17:53:06,627.51,0.07,False
17:53:07,615.14,0.07,False
17:53:09,632.19,0.07,False
17:53:11,632.09,0.07,False
17:53:12,624.22,0.07,False
17:53:14,629.12,0.07,False
17:53:16,625.99,0.07,False
17:53:17,644.28,0.07,False
17:53:19,653.91,0.07,False
17:53:21,663.82,0.07,False
17:53:22,632.05,0.07,False
17:53:24,622.87,0.07,False
17:53:25,619.63,0.07,False
17:53:27,639.5,0.07,False
17:53:29,620.18,0.07,False
17:53:30,669.27,0.07,False
17:53:32,831.14,0.07,False
17:53:34,653.74,0.07,False
17:53:36,648.6,0.07,False
17:53:37,639.55,0.07,False
17:53:39,627.88,0.07,False
17:53:40,624.99,0.07,False
17:53:42,653.86,0.07,False
17:53:44,634.09,0.07,False
17:53:45,634.79,0.07,False
17:53:47,644.7,0.07,False
17:53:49,637.69,0.07,False
17:53:50,621.96,0.07,False
17:53:52,644.89,0.07,False
17:53:54,642.51,0.07,False
17:53:55,634.6,0.07,False
17:53:57,604.48,0.07,False
17:53:58,624.5,0.07,False
17:54:00,663.47,0.07,False
17:54:02,637.61,0.07,False
17:54:03,646.08,0.07,False
17:54:05,624.03,0.07,False
17:54:07,678.05,0.07,False
17:54:08,686.13,0.07,False
17:54:10,648.78,0.07,False
17:54:12,653.02,0.07,False
17:54:13,642.86,0.07,False
17:54:15,633.63,0.07,False
17:54:17,620.22,0.07,False
17:54:18,642.55,0.07,False
17:54:20,654.5,0.07,False
17:54:22,639.2,0.07,False
17:54:23,621.72,0.07,False
17:54:25,646.45,0.07,False
17:54:26,638.53,0.07,False
17:54:28,644.96,0.07,False
17:54:30,617.17,0.07,False
17:54:31,633.75,0.07,False
17:54:33,631.56,0.07,False
17:54:35,637.86,0.07,False
17:54:36,650.34,0.07,False
17:54:38,644.34,0.07,False
17:54:40,646.93,0.07,False
17:54:41,637.69,0.07,False
17:54:43,639.5,0.07,False
17:54:45,649.18,0.07,False
17:54:46,628.68,0.07,False
17:54:48,637.51,0.07,False
17:54:49,638.91,0.07,False
17:54:51,650.24,0.07,False
17:54:53,644.63,0.07,False
17:54:54,640.0,0.07,False
17:54:56,622.05,0.07,False
17:54:58,640.15,0.07,False
17:54:59,618.13,0.07,False
17:55:01,618.41,0.07,False
17:55:03,628.99,0.07,False
17:55:04,644.74,0.07,False
17:55:06,640.1,0.07,False
17:55:08,638.93,0.07,False
17:55:09,644.01,0.07,False
17:55:11,636.17,0.07,False
17:55:13,764.2,0.07,False
17:55:14,652.16,0.07,False
17:55:16,639.68,0.07,False
17:55:18,633.06,0.07,False
17:55:19,631.93,0.07,False
17:55:21,638.34,0.07,False
17:55:22,653.94,0.07,False
17:55:24,642.66,0.07,False
17:55:26,637.11,0.07,False
17:55:27,621.54,0.07,False
17:55:29,601.87,0.07,False
17:55:31,625.45,0.07,False
17:55:32,623.99,0.07,False
17:55:34,646.33,0.07,False
17:55:35,613.08,0.07,False
17:55:37,645.02,0.07,False
17:55:39,644.17,0.07,False
17:55:40,642.16,0.07,False
17:55:42,622.06,0.07,False
17:55:44,650.88,0.07,False
17:55:45,643.59,0.07,False
17:55:47,662.44,0.07,False
17:55:49,993.49,0.07,False
17:55:51,685.93,0.07,False
17:55:52,642.94,0.07,False
17:55:54,671.41,0.07,False
17:55:56,647.71,0.07,False
17:55:58,1215.4,0.07,False
17:56:00,675.19,0.07,False
17:56:01,628.01,0.07,False
17:56:03,681.72,0.07,False
17:56:05,697.94,0.07,False
17:56:06,644.78,0.07,False
17:56:08,680.29,0.07,False
17:56:10,1315.46,0.07,False
17:56:12,668.35,0.07,False
17:56:15,1987.12,0.07,False
17:56:17,666.4,0.07,False
17:56:18,621.4,0.07,False
17:56:20,630.07,0.07,False
17:56:22,642.39,0.07,False
17:56:23,648.7,0.07,False
17:56:25,642.1,0.07,False
17:56:26,631.12,0.07,False
17:56:29,1586.98,0.07,False
17:56:31,656.36,0.07,False
17:56:32,678.39,0.07,False
17:56:34,663.53,0.07,False
17:56:36,643.32,0.07,False
17:56:37,615.24,0.07,False
17:56:39,650.54,0.07,False
17:56:41,608.11,0.07,False
17:56:42,646.02,0.07,False
17:56:44,627.79,0.07,False
17:56:46,664.56,0.07,False
17:56:47,626.57,0.07,False
17:56:49,661.6,0.07,False
17:56:50,657.56,0.07,False
17:56:52,621.6,0.07,False
17:56:54,631.37,0.07,False
17:56:55,642.83,0.07,False
17:56:57,640.71,0.07,False
17:56:59,640.29,0.07,False
17:57:00,623.68,0.07,False
17:57:02,638.65,0.07,False
17:57:04,664.07,0.07,False
17:57:05,632.36,0.07,False
17:57:07,644.23,0.07,False
17:57:09,644.83,0.07,False
17:57:10,667.81,0.07,False
17:57:12,650.99,0.07,False
17:57:13,613.24,0.07,False
17:57:15,629.03,0.07,False
17:57:17,655.81,0.07,False
17:57:18,644.56,0.07,False
17:57:20,644.63,0.07,False
17:57:22,654.47,0.07,False
17:57:23,634.27,0.07,False
17:57:25,644.61,0.07,False
17:57:27,651.0,0.07,False
17:57:28,624.96,0.07,False
17:57:30,642.38,0.07,False
17:57:32,618.39,0.07,False
17:57:34,1719.64,0.07,False
17:57:36,703.5,0.07,False
17:57:38,626.27,0.07,False
17:57:39,638.12,0.07,False
17:57:41,645.67,0.07,False
17:57:43,1382.03,0.07,False
17:57:46,1177.63,0.07,False
17:57:47,845.34,0.07,False
17:57:49,687.83,0.07,False
17:57:51,625.74,0.07,False
17:57:53,688.74,0.07,False
17:57:54,650.35,0.07,False
17:57:56,641.16,0.07,False
17:57:57,634.5,0.07,False
17:57:59,659.99,0.07,False
17:58:01,630.68,0.07,False
17:58:02,633.88,0.07,False
17:58:04,690.25,0.07,False
17:58:06,623.21,0.07,False
17:58:07,653.91,0.07,False
17:58:09,649.63,0.07,False
17:58:11,636.83,0.07,False
17:58:12,643.07,0.07,False
17:58:14,636.79,0.07,False
17:58:16,615.86,0.07,False
17:58:17,627.48,0.07,False
17:58:19,637.27,0.07,False
17:58:20,640.9,0.07,False
17:58:22,619.69,0.07,False
17:58:24,636.78,0.07,False
17:58:25,654.89,0.07,False
17:58:27,640.76,0.07,False
17:58:29,596.32,0.07,False
17:58:30,638.32,0.07,False
17:58:33,1530.97,0.07,False
17:58:35,928.56,0.07,False
17:58:36,671.62,0.07,False
17:58:38,620.46,0.07,False
17:58:40,620.96,0.07,False
17:58:41,640.67,0.07,False
17:58:43,630.38,0.07,False
17:58:45,652.99,0.07,False
17:58:46,632.75,0.07,False
17:58:48,662.15,0.07,False
17:58:50,669.52,0.07,False
17:58:51,640.04,0.07,False
17:58:53,634.96,0.07,False
17:58:55,644.27,0.07,False
17:58:56,647.41,0.07,False
17:58:58,653.21,0.07,False
17:59:00,613.2,0.07,False
17:59:01,641.08,0.07,False
17:59:03,649.78,0.07,False
17:59:04,641.9,0.07,False
17:59:06,614.34,0.07,False
17:59:08,647.93,0.07,False
17:59:09,638.88,0.07,False
17:59:11,647.56,0.07,False
17:59:13,606.5,0.07,False
17:59:14,637.95,0.07,False
17:59:16,644.07,0.07,False
17:59:18,1426.27,0.07,False
17:59:20,711.37,0.07,False
17:59:23,1776.75,0.07,False
17:59:25,750.47,0.07,False
17:59:26,621.98,0.07,False
17:59:28,624.33,0.07,False
17:59:30,674.96,0.07,False
17:59:31,666.63,0.07,False
17:59:33,643.26,0.07,False
17:59:35,687.9,0.07,False
17:59:36,657.4,0.07,False
17:59:38,658.62,0.07,False
17:59:40,662.98,0.07,False
17:59:41,640.5,0.07,False
17:59:43,637.35,0.07,False
17:59:45,664.98,0.07,False
17:59:46,635.76,0.07,False
17:59:48,621.3,0.07,False
17:59:49,642.25,0.07,False
17:59:51,640.43,0.07,False
17:59:53,618.12,0.07,False
17:59:54,636.87,0.07,False
17:59:56,635.82,0.07,False
17:59:58,641.93,0.07,False
17:59:59,637.87,0.07,False
18:00:01,661.15,0.07,False
18:00:03,656.34,0.07,False
18:00:04,637.74,0.07,False
18:00:06,634.2,0.07,False
18:00:08,643.22,0.07,False
18:00:09,650.92,0.07,False
18:00:11,642.09,0.07,False
18:00:12,643.4,0.07,False
18:00:14,630.98,0.07,False
18:00:16,646.32,0.07,False
18:00:17,652.33,0.07,False
18:00:19,640.67,0.07,False
18:00:21,617.87,0.07,False
18:00:22,642.92,0.07,False
18:00:24,621.02,0.07,False
18:00:26,642.07,0.07,False
18:00:27,631.49,0.07,False
18:00:29,688.48,0.07,False
18:00:31,625.95,0.07,False
18:00:32,667.28,0.07,False
18:00:34,649.65,0.07,False
18:00:36,637.73,0.07,False
18:00:37,646.82,0.07,False
18:00:39,642.82,0.07,False
18:00:41,658.09,0.07,False
18:00:42,635.37,0.07,False
18:00:44,700.41,0.07,False
18:00:46,647.11,0.07,False
18:00:47,602.42,0.07,False
18:00:49,638.62,0.07,False
18:00:50,647.24,0.07,False
18:00:52,647.03,0.07,False
18:00:54,635.47,0.07,False
18:00:55,640.98,0.07,False
18:00:57,629.9,0.07,False
18:00:59,638.52,0.07,False
18:01:00,650.05,0.07,False
18:01:02,615.87,0.07,False
18:01:04,685.26,0.07,False
18:01:05,625.46,0.07,False
18:01:07,641.7,0.07,False
18:01:09,648.64,0.07,False
18:01:10,643.12,0.07,False
18:01:12,638.59,0.07,False
18:01:13,631.51,0.07,False
18:01:15,644.61,0.07,False
18:01:17,650.14,0.07,False
18:01:18,645.88,0.07,False
18:01:20,700.85,0.07,False
18:01:22,641.1,0.07,False
18:01:23,653.62,0.07,False
18:01:25,630.32,0.07,False
18:01:27,706.01,0.07,False
18:01:28,661.03,0.07,False
18:01:30,596.48,0.07,False
18:01:32,624.29,0.07,False
18:01:33,683.28,0.07,False
18:01:35,650.5,0.07,False
18:01:37,626.61,0.07,False
18:01:38,672.23,0.07,False
18:01:40,638.7,0.07,False
18:01:42,644.4,0.07,False
18:01:43,638.27,0.07,False
18:01:45,727.22,0.07,False
18:01:47,637.24,0.07,False
18:01:48,691.36,0.07,False
18:01:50,644.73,0.07,False
18:01:52,634.89,0.07,False
18:01:53,622.29,0.07,False
18:01:55,626.64,0.07,False
18:01:56,650.71,0.07,False
18:01:58,616.75,0.07,False
18:02:00,639.65,0.07,False
18:02:01,694.95,0.07,False
18:02:03,650.8,0.07,False
18:02:05,638.32,0.07,False
18:02:06,635.77,0.07,False
18:02:08,681.05,0.07,False
18:02:10,626.06,0.07,False
18:02:11,637.01,0.07,False
18:02:13,605.02,0.07,False
18:02:15,695.58,0.07,False
18:02:16,632.46,0.07,False
18:02:18,644.68,0.07,False
18:02:20,635.41,0.07,False
18:02:21,637.2,0.07,False
18:02:23,628.17,0.07,False
18:02:24,646.32,0.07,False
18:02:26,614.44,0.07,False
18:02:28,635.18,0.07,False
18:02:29,636.6,0.07,False
18:02:31,646.79,0.07,False
18:02:33,610.76,0.07,False
18:02:34,627.69,0.07,False
18:02:36,640.56,0.07,False
18:02:38,633.31,0.07,False
18:02:39,646.16,0.07,False
18:02:41,630.19,0.07,False
18:02:42,631.03,0.07,False
18:02:44,669.63,0.07,False
18:02:46,592.17,0.07,False
18:02:47,649.76,0.07,False
18:02:49,634.69,0.07,False
18:02:51,602.23,0.07,False
18:02:52,639.25,0.07,False
18:02:54,639.05,0.07,False
18:02:56,642.33,0.07,False
18:02:57,647.38,0.07,False
18:02:59,648.38,0.07,False
18:03:01,625.5,0.07,False
18:03:02,649.83,0.07,False
18:03:04,652.1,0.07,False
18:03:05,640.58,0.07,False
18:03:07,652.27,0.07,False
18:03:09,621.68,0.07,False
18:03:10,640.83,0.07,False
18:03:12,640.3,0.07,False
18:03:14,684.94,0.07,False
18:03:15,654.62,0.07,False
18:03:17,618.27,0.07,False
18:03:19,674.35,0.07,False
18:03:20,629.01,0.07,False
18:03:22,634.53,0.07,False
18:03:24,660.66,0.07,False
18:03:25,635.78,0.07,False
18:03:27,624.81,0.07,False
18:03:29,632.3,0.07,False
18:03:30,638.4,0.07,False
18:03:32,608.86,0.07,False
18:03:33,647.52,0.07,False
18:03:35,660.78,0.07,False
18:03:37,644.61,0.07,False
18:03:38,641.12,0.07,False
18:03:40,658.06,0.07,False
18:03:42,644.72,0.07,False
18:03:43,633.68,0.07,False
18:03:45,617.67,0.07,False
18:03:47,627.72,0.07,False
18:03:48,636.19,0.07,False
18:03:50,641.82,0.07,False
18:03:52,632.47,0.07,False
18:03:53,634.75,0.07,False
18:03:55,612.26,0.07,False
18:03:56,639.89,0.07,False
18:03:58,612.13,0.07,False
18:04:00,629.2,0.07,False
18:04:01,640.79,0.07,False
18:04:03,674.08,0.07,False
18:04:05,664.16,0.07,False
18:04:06,630.78,0.07,False
18:04:08,655.65,0.07,False
18:04:10,671.91,0.07,False
18:04:11,630.79,0.07,False
18:04:13,617.74,0.07,False
18:04:15,646.07,0.07,False
18:04:16,644.29,0.07,False
18:04:18,641.83,0.07,False
18:04:19,641.71,0.07,False
18:04:21,646.0,0.07,False
18:04:23,617.88,0.07,False
18:04:24,727.51,0.07,False
18:04:26,618.01,0.07,False
18:04:28,621.55,0.07,False
18:04:29,646.56,0.07,False
18:04:31,665.72,0.07,False
18:04:33,641.58,0.07,False
18:04:34,620.44,0.07,False
18:04:36,641.1,0.07,False
18:04:38,636.8,0.07,False
18:04:39,640.11,0.07,False
18:04:41,617.98,0.07,False
18:04:43,725.5,0.07,False
18:04:44,649.22,0.07,False
18:04:46,631.43,0.07,False
18:04:48,640.46,0.07,False
18:04:49,641.56,0.07,False
18:04:51,629.21,0.07,False
18:04:52,651.28,0.07,False
18:04:54,622.88,0.07,False
18:04:56,637.64,0.07,False
18:04:57,633.35,0.07,False
18:04:59,688.8,0.07,False
18:05:01,610.2,0.07,False
18:05:02,641.0,0.07,False
18:05:04,615.9,0.07,False
18:05:06,646.4,0.07,False
18:05:07,640.34,0.07,False
18:05:09,638.1,0.07,False
18:05:11,715.51,0.07,False
18:05:12,670.74,0.07,False
18:05:14,633.34,0.07,False
18:05:16,644.84,0.07,False
18:05:17,630.5,0.07,False
18:05:19,637.66,0.07,False
18:05:20,642.16,0.07,False
18:05:22,616.25,0.07,False
18:05:24,646.4,0.07,False
18:05:25,640.89,0.07,False
18:05:27,648.2,0.07,False
18:05:29,612.11,0.07,False
18:05:30,630.66,0.07,False
18:05:32,695.7,0.07,False
18:05:34,644.65,0.07,False
18:05:35,637.29,0.07,False
18:05:37,633.41,0.07,False
18:05:39,632.32,0.07,False
18:05:40,624.89,0.07,False
18:05:42,602.76,0.07,False
18:05:43,646.29,0.07,False
18:05:45,610.71,0.07,False
18:05:47,632.68,0.07,False
18:05:48,653.46,0.07,False
18:05:50,663.9,0.07,False
18:05:52,616.98,0.07,False
18:05:53,655.83,0.07,False
18:05:55,665.01,0.07,False
18:05:57,643.12,0.07,False
18:05:58,624.64,0.07,False
18:06:00,631.19,0.07,False
18:06:02,632.55,0.07,False
18:06:03,641.07,0.07,False
18:06:05,670.91,0.07,False
18:06:06,630.76,0.07,False
18:06:08,632.49,0.07,False
18:06:10,644.88,0.07,False
18:06:11,663.87,0.07,False
18:06:13,760.97,0.07,False
18:06:15,640.67,0.07,False
18:06:16,638.89,0.07,False
18:06:18,625.46,0.07,False
18:06:20,638.41,0.07,False
18:06:21,612.71,0.07,False
18:06:23,639.93,0.07,False
18:06:25,637.15,0.07,False
18:06:26,624.32,0.07,False
18:06:28,643.54,0.07,False
18:06:30,632.13,0.07,False
18:06:31,613.57,0.07,False
18:06:33,622.27,0.07,False
18:06:34,632.87,0.07,False
